topic_id,proportion
1,0.31918624
3,0.19660558
2,0.18087754
0,0.14336464
4,0.1205963
5,0.039369676
